instant,dteday,temp,season,hum,windspeed
1,2011-01-01,0.344167,1,0.805833,0.160446
2,2011-01-02,0.363478,1,0.696087,0.248539
3,2011-01-03,0.196364,1,0.437273,0.248309
4,2011-01-04,0.2,1,0.590435,0.160296
5,2011-01-05,0.226957,1,0.436957,0.1869
6,2011-01-06,0.204348,1,0.518261,0.0895652
7,2011-01-07,0.196522,1,0.498696,0.168726
8,2011-01-08,0.165,1,0.535833,0.266804
9,2011-01-09,0.138333,1,0.434167,0.36195
10,2011-01-10,0.150833,1,0.482917,0.223267
11,2011-01-11,0.169091,1,0.686364,0.122132
12,2011-01-12,0.172727,1,0.599545,0.304627
13,2011-01-13,0.165,1,0.470417,0.301
14,2011-01-14,0.16087,1,0.537826,0.126548
15,2011-01-15,0.233333,1,0.49875,0.157963
16,2011-01-16,0.231667,1,0.48375,0.188433
17,2011-01-17,0.175833,1,0.5375,0.194017
18,2011-01-18,0.216667,1,0.861667,0.146775
19,2011-01-19,0.292174,1,0.741739,0.208317
20,2011-01-20,0.261667,1,0.538333,0.195904
21,2011-01-21,0.1775,1,0.457083,0.353242
22,2011-01-22,0.0591304,1,0.4,0.17197
23,2011-01-23,0.0965217,1,0.436522,0.2466
24,2011-01-24,0.0973913,1,0.491739,0.15833
25,2011-01-25,0.223478,1,0.616957,0.129796
26,2011-01-26,0.2175,1,0.8625,0.29385
27,2011-01-27,0.195,1,0.6875,0.113837
28,2011-01-28,0.203478,1,0.793043,0.1233
29,2011-01-29,0.196522,1,0.651739,0.145365
30,2011-01-30,0.216522,1,0.722174,0.0739826
31,2011-01-31,0.180833,1,0.60375,0.187192
32,2011-02-01,0.192174,1,0.829565,0.053213
33,2011-02-02,0.26,1,0.775417,0.264308
34,2011-02-03,0.186957,1,0.437826,0.277752
35,2011-02-04,0.211304,1,0.585217,0.127839
36,2011-02-05,0.233333,1,0.929167,0.161079
37,2011-02-06,0.285833,1,0.568333,0.1418
38,2011-02-07,0.271667,1,0.738333,0.0454083
39,2011-02-08,0.220833,1,0.537917,0.36195
40,2011-02-09,0.134783,1,0.494783,0.188839
41,2011-02-10,0.144348,1,0.437391,0.221935
42,2011-02-11,0.189091,1,0.506364,0.10855
43,2011-02-12,0.2225,1,0.544167,0.203367
44,2011-02-13,0.316522,1,0.457391,0.260883
45,2011-02-14,0.415,1,0.375833,0.417908
46,2011-02-15,0.266087,1,0.314348,0.291374
47,2011-02-16,0.318261,1,0.423478,0.251791
48,2011-02-17,0.435833,1,0.505,0.230104
49,2011-02-18,0.521667,1,0.516667,0.264925
50,2011-02-19,0.399167,1,0.187917,0.507463
51,2011-02-20,0.285217,1,0.407826,0.223235
52,2011-02-21,0.303333,1,0.605,0.307846
53,2011-02-22,0.182222,1,0.577778,0.195683
54,2011-02-23,0.221739,1,0.423043,0.094113
55,2011-02-24,0.295652,1,0.697391,0.250496
56,2011-02-25,0.364348,1,0.712174,0.346539
57,2011-02-26,0.2825,1,0.537917,0.186571
58,2011-02-27,0.343478,1,0.68,0.125248
59,2011-02-28,0.407273,1,0.876364,0.289686
60,2011-03-01,0.266667,1,0.535,0.216425
61,2011-03-02,0.335,1,0.449583,0.307833
62,2011-03-03,0.198333,1,0.318333,0.225754
63,2011-03-04,0.261667,1,0.610417,0.203346
64,2011-03-05,0.384167,1,0.789167,0.251871
65,2011-03-06,0.376522,1,0.948261,0.343287
66,2011-03-07,0.261739,1,0.551304,0.341352
67,2011-03-08,0.2925,1,0.420833,0.12065
68,2011-03-09,0.295833,1,0.775417,0.22015
69,2011-03-10,0.389091,1,0.0,0.261877
70,2011-03-11,0.316522,1,0.649565,0.23297
71,2011-03-12,0.329167,1,0.594583,0.220775
72,2011-03-13,0.384348,1,0.527391,0.270604
73,2011-03-14,0.325217,1,0.496957,0.136926
74,2011-03-15,0.317391,1,0.655652,0.184309
75,2011-03-16,0.365217,1,0.776522,0.203117
76,2011-03-17,0.415,1,0.602917,0.209579
77,2011-03-18,0.54,1,0.525217,0.231017
78,2011-03-19,0.4725,1,0.379167,0.368167
79,2011-03-20,0.3325,1,0.47375,0.207721
80,2011-03-21,0.430435,2,0.737391,0.288783
81,2011-03-22,0.441667,2,0.624583,0.22575
82,2011-03-23,0.346957,2,0.839565,0.234261
83,2011-03-24,0.285,2,0.805833,0.243787
84,2011-03-25,0.264167,2,0.495,0.230725
85,2011-03-26,0.265833,2,0.394167,0.209571
86,2011-03-27,0.253043,2,0.493913,0.1843
87,2011-03-28,0.264348,2,0.302174,0.212204
88,2011-03-29,0.3025,2,0.314167,0.226996
89,2011-03-30,0.3,2,0.646667,0.172888
90,2011-03-31,0.268333,2,0.918333,0.217646
91,2011-04-01,0.3,2,0.68625,0.258708
92,2011-04-02,0.315,2,0.65375,0.197146
93,2011-04-03,0.378333,2,0.48,0.182213
94,2011-04-04,0.573333,2,0.42625,0.385571
95,2011-04-05,0.414167,2,0.642083,0.388067
96,2011-04-06,0.390833,2,0.470833,0.263063
97,2011-04-07,0.4375,2,0.602917,0.162312
98,2011-04-08,0.335833,2,0.83625,0.226992
99,2011-04-09,0.3425,2,0.8775,0.133083
100,2011-04-10,0.426667,2,0.8575,0.146767
101,2011-04-11,0.595652,2,0.716956,0.324474
102,2011-04-12,0.5025,2,0.739167,0.274879
103,2011-04-13,0.4125,2,0.819167,0.250617
104,2011-04-14,0.4675,2,0.540417,0.1107
105,2011-04-15,0.446667,2,0.67125,0.226375
106,2011-04-16,0.430833,2,0.888333,0.340808
107,2011-04-17,0.456667,2,0.479583,0.303496
108,2011-04-18,0.5125,2,0.5425,0.163567
109,2011-04-19,0.505833,2,0.665833,0.157971
110,2011-04-20,0.595,2,0.614167,0.241925
111,2011-04-21,0.459167,2,0.407083,0.325258
112,2011-04-22,0.336667,2,0.729583,0.219521
113,2011-04-23,0.46,2,0.887917,0.230725
114,2011-04-24,0.581667,2,0.810833,0.192175
115,2011-04-25,0.606667,2,0.776667,0.185333
116,2011-04-26,0.631667,2,0.729167,0.3265
117,2011-04-27,0.62,2,0.835417,0.3122
118,2011-04-28,0.6175,2,0.700833,0.320908
119,2011-04-29,0.51,2,0.457083,0.240063
120,2011-04-30,0.4725,2,0.503333,0.235075
121,2011-05-01,0.451667,2,0.762083,0.106354
122,2011-05-02,0.549167,2,0.73,0.183454
123,2011-05-03,0.616667,2,0.697083,0.342667
124,2011-05-04,0.414167,2,0.737083,0.328996
125,2011-05-05,0.459167,2,0.444167,0.295392
126,2011-05-06,0.479167,2,0.59,0.228246
127,2011-05-07,0.52,2,0.54125,0.16045
128,2011-05-08,0.528333,2,0.631667,0.0746375
129,2011-05-09,0.5325,2,0.58875,0.176
130,2011-05-10,0.5325,2,0.489167,0.115671
131,2011-05-11,0.5425,2,0.632917,0.120642
132,2011-05-12,0.535,2,0.7475,0.189667
133,2011-05-13,0.5125,2,0.863333,0.179725
134,2011-05-14,0.520833,2,0.9225,0.13495
135,2011-05-15,0.5625,2,0.867083,0.152979
136,2011-05-16,0.5775,2,0.787917,0.126871
137,2011-05-17,0.561667,2,0.837917,0.277354
138,2011-05-18,0.55,2,0.87,0.201492
139,2011-05-19,0.530833,2,0.829583,0.108213
140,2011-05-20,0.536667,2,0.719583,0.125013
141,2011-05-21,0.6025,2,0.626667,0.12065
142,2011-05-22,0.604167,2,0.749583,0.148008
143,2011-05-23,0.631667,2,0.81,0.233842
144,2011-05-24,0.66,2,0.740833,0.207092
145,2011-05-25,0.660833,2,0.69625,0.154233
146,2011-05-26,0.708333,2,0.6775,0.199642
147,2011-05-27,0.681667,2,0.65375,0.240679
148,2011-05-28,0.655833,2,0.729583,0.230092
149,2011-05-29,0.6675,2,0.81875,0.213938
150,2011-05-30,0.733333,2,0.685,0.131225
151,2011-05-31,0.775,2,0.636667,0.111329
152,2011-06-01,0.764167,2,0.677083,0.207092
153,2011-06-02,0.715,2,0.305,0.292287
154,2011-06-03,0.62,2,0.354167,0.253121
155,2011-06-04,0.635,2,0.45625,0.123142
156,2011-06-05,0.648333,2,0.6525,0.138692
157,2011-06-06,0.678333,2,0.6,0.121896
158,2011-06-07,0.7075,2,0.597917,0.187808
159,2011-06-08,0.775833,2,0.622083,0.136817
160,2011-06-09,0.808333,2,0.568333,0.149883
161,2011-06-10,0.755,2,0.605,0.140554
162,2011-06-11,0.725,2,0.654583,0.15485
163,2011-06-12,0.6925,2,0.747917,0.163567
164,2011-06-13,0.635,2,0.494583,0.30535
165,2011-06-14,0.604167,2,0.507083,0.269283
166,2011-06-15,0.626667,2,0.471667,0.167912
167,2011-06-16,0.628333,2,0.688333,0.206471
168,2011-06-17,0.649167,2,0.735833,0.143029
169,2011-06-18,0.696667,2,0.670417,0.119408
170,2011-06-19,0.699167,2,0.666667,0.102
171,2011-06-20,0.635,2,0.74625,0.155475
172,2011-06-21,0.680833,3,0.770417,0.171025
173,2011-06-22,0.733333,3,0.7075,0.172262
174,2011-06-23,0.728333,3,0.703333,0.238804
175,2011-06-24,0.724167,3,0.573333,0.222025
176,2011-06-25,0.695,3,0.483333,0.209571
177,2011-06-26,0.68,3,0.513333,0.0945333
178,2011-06-27,0.6825,3,0.658333,0.107588
179,2011-06-28,0.744167,3,0.634167,0.144283
180,2011-06-29,0.728333,3,0.497917,0.261821
181,2011-06-30,0.696667,3,0.434167,0.185312
182,2011-07-01,0.7225,3,0.39625,0.102608
183,2011-07-02,0.738333,3,0.444583,0.115062
184,2011-07-03,0.716667,3,0.6825,0.228858
185,2011-07-04,0.726667,3,0.637917,0.0814792
186,2011-07-05,0.746667,3,0.590417,0.126258
187,2011-07-06,0.72,3,0.743333,0.149883
188,2011-07-07,0.75,3,0.65125,0.1592
189,2011-07-08,0.709167,3,0.757917,0.225129
190,2011-07-09,0.733333,3,0.609167,0.167912
191,2011-07-10,0.7475,3,0.578333,0.183471
192,2011-07-11,0.7625,3,0.635833,0.282337
193,2011-07-12,0.794167,3,0.559167,0.200254
194,2011-07-13,0.746667,3,0.631667,0.146133
195,2011-07-14,0.680833,3,0.47625,0.240667
196,2011-07-15,0.663333,3,0.59125,0.182833
197,2011-07-16,0.686667,3,0.585,0.208342
198,2011-07-17,0.719167,3,0.604167,0.245033
199,2011-07-18,0.746667,3,0.65125,0.215804
200,2011-07-19,0.776667,3,0.650417,0.1306
201,2011-07-20,0.768333,3,0.707083,0.113817
202,2011-07-21,0.815,3,0.69125,0.222021
203,2011-07-22,0.848333,3,0.580417,0.1331
204,2011-07-23,0.849167,3,0.5,0.131221
205,2011-07-24,0.83,3,0.550833,0.169171
206,2011-07-25,0.743333,3,0.757083,0.0908083
207,2011-07-26,0.771667,3,0.540833,0.200258
208,2011-07-27,0.775,3,0.402917,0.183463
209,2011-07-28,0.779167,3,0.583333,0.178479
210,2011-07-29,0.838333,3,0.5425,0.174138
211,2011-07-30,0.804167,3,0.465833,0.168537
212,2011-07-31,0.805833,3,0.480833,0.164813
213,2011-08-01,0.771667,3,0.550833,0.156717
214,2011-08-02,0.783333,3,0.49125,0.20585
215,2011-08-03,0.731667,3,0.6575,0.135583
216,2011-08-04,0.71,3,0.7575,0.19715
217,2011-08-05,0.710833,3,0.630833,0.184696
218,2011-08-06,0.716667,3,0.755,0.22825
219,2011-08-07,0.7425,3,0.752917,0.201487
220,2011-08-08,0.765,3,0.592083,0.192175
221,2011-08-09,0.775,3,0.570417,0.151121
222,2011-08-10,0.766667,3,0.424167,0.200258
223,2011-08-11,0.7175,3,0.42375,0.164796
224,2011-08-12,0.708333,3,0.415,0.125621
225,2011-08-13,0.685833,3,0.729583,0.211454
226,2011-08-14,0.676667,3,0.8175,0.222633
227,2011-08-15,0.665833,3,0.712083,0.208954
228,2011-08-16,0.700833,3,0.578333,0.236329
229,2011-08-17,0.723333,3,0.575417,0.143667
230,2011-08-18,0.711667,3,0.654583,0.233208
231,2011-08-19,0.685,3,0.722917,0.139308
232,2011-08-20,0.6975,3,0.674167,0.104467
233,2011-08-21,0.710833,3,0.77,0.248754
234,2011-08-22,0.691667,3,0.47,0.27675
235,2011-08-23,0.640833,3,0.455417,0.146763
236,2011-08-24,0.673333,3,0.605,0.253108
237,2011-08-25,0.684167,3,0.771667,0.210833
238,2011-08-26,0.7,3,0.76125,0.0839625
239,2011-08-27,0.68,3,0.85,0.375617
240,2011-08-28,0.707059,3,0.561765,0.304659
241,2011-08-29,0.636667,3,0.554583,0.159825
242,2011-08-30,0.639167,3,0.548333,0.125008
243,2011-08-31,0.656667,3,0.597917,0.0833333
244,2011-09-01,0.655,3,0.639167,0.141796
245,2011-09-02,0.643333,3,0.727083,0.139929
246,2011-09-03,0.669167,3,0.716667,0.185325
247,2011-09-04,0.709167,3,0.742083,0.206467
248,2011-09-05,0.673333,3,0.790417,0.212696
249,2011-09-06,0.54,3,0.886957,0.343943
250,2011-09-07,0.599167,3,0.917083,0.0970208
251,2011-09-08,0.633913,3,0.939565,0.192748
252,2011-09-09,0.65,3,0.897917,0.124379
253,2011-09-10,0.66,3,0.75375,0.153608
254,2011-09-11,0.653333,3,0.71375,0.115054
255,2011-09-12,0.644348,3,0.692174,0.088913
256,2011-09-13,0.650833,3,0.7125,0.141804
257,2011-09-14,0.673333,3,0.697083,0.1673
258,2011-09-15,0.5775,3,0.709167,0.271146
259,2011-09-16,0.469167,3,0.590417,0.164183
260,2011-09-17,0.491667,3,0.718333,0.189675
261,2011-09-18,0.5075,3,0.695,0.178483
262,2011-09-19,0.549167,3,0.69,0.151742
263,2011-09-20,0.561667,3,0.88125,0.134954
264,2011-09-21,0.595,3,0.9,0.0964042
265,2011-09-22,0.628333,3,0.902083,0.128125
266,2011-09-23,0.609167,4,0.9725,0.0783667
267,2011-09-24,0.606667,4,0.8625,0.0783833
268,2011-09-25,0.634167,4,0.845,0.0503792
269,2011-09-26,0.649167,4,0.848333,0.1107
270,2011-09-27,0.636667,4,0.885417,0.118171
271,2011-09-28,0.635,4,0.84875,0.148629
272,2011-09-29,0.616667,4,0.699167,0.172883
273,2011-09-30,0.564167,4,0.6475,0.206475
274,2011-10-01,0.41,4,0.75375,0.292296
275,2011-10-02,0.356667,4,0.791667,0.222013
276,2011-10-03,0.384167,4,0.760833,0.0833458
277,2011-10-04,0.484167,4,0.71,0.205854
278,2011-10-05,0.538333,4,0.647917,0.17725
279,2011-10-06,0.494167,4,0.620833,0.134954
280,2011-10-07,0.510833,4,0.684167,0.0223917
281,2011-10-08,0.521667,4,0.70125,0.0454042
282,2011-10-09,0.540833,4,0.7275,0.06345
283,2011-10-10,0.570833,4,0.73375,0.0423042
284,2011-10-11,0.566667,4,0.80875,0.143042
285,2011-10-12,0.543333,4,0.90625,0.24815
286,2011-10-13,0.589167,4,0.896667,0.141787
287,2011-10-14,0.550833,4,0.71625,0.223883
288,2011-10-15,0.506667,4,0.483333,0.258083
289,2011-10-16,0.511667,4,0.486667,0.281717
290,2011-10-17,0.534167,4,0.579583,0.175379
291,2011-10-18,0.5325,4,0.701667,0.110087
292,2011-10-19,0.541739,4,0.895217,0.243339
293,2011-10-20,0.475833,4,0.63625,0.422275
294,2011-10-21,0.4275,4,0.574167,0.221396
295,2011-10-22,0.4225,4,0.629167,0.0926667
296,2011-10-23,0.421667,4,0.74125,0.0995125
297,2011-10-24,0.463333,4,0.772083,0.118792
298,2011-10-25,0.471667,4,0.622917,0.166658
299,2011-10-26,0.484167,4,0.720417,0.148642
300,2011-10-27,0.47,4,0.812917,0.197763
301,2011-10-28,0.330833,4,0.585833,0.229479
302,2011-10-29,0.254167,4,0.8825,0.351371
303,2011-10-30,0.319167,4,0.62375,0.176617
304,2011-10-31,0.34,4,0.703333,0.10635
305,2011-11-01,0.400833,4,0.68375,0.135571
306,2011-11-02,0.3775,4,0.71875,0.0820917
307,2011-11-03,0.408333,4,0.702083,0.136817
308,2011-11-04,0.403333,4,0.6225,0.271779
309,2011-11-05,0.326667,4,0.519167,0.189062
310,2011-11-06,0.348333,4,0.734583,0.0920542
311,2011-11-07,0.395,4,0.75875,0.057225
312,2011-11-08,0.408333,4,0.721667,0.0690375
313,2011-11-09,0.4,4,0.758333,0.0621958
314,2011-11-10,0.38,4,0.813333,0.189067
315,2011-11-11,0.324167,4,0.44625,0.314675
316,2011-11-12,0.356667,4,0.552917,0.212062
317,2011-11-13,0.440833,4,0.458333,0.281721
318,2011-11-14,0.53,4,0.587083,0.306596
319,2011-11-15,0.53,4,0.68875,0.199633
320,2011-11-16,0.456667,4,0.93,0.136829
321,2011-11-17,0.341667,4,0.575833,0.305362
322,2011-11-18,0.274167,4,0.41,0.168533
323,2011-11-19,0.329167,4,0.502083,0.224496
324,2011-11-20,0.463333,4,0.684583,0.18595
325,2011-11-21,0.4475,4,0.91,0.138054
326,2011-11-22,0.416667,4,0.9625,0.118792
327,2011-11-23,0.440833,4,0.757917,0.335825
328,2011-11-24,0.373333,4,0.549167,0.167304
329,2011-11-25,0.375,4,0.64375,0.0988958
330,2011-11-26,0.375833,4,0.681667,0.0684208
331,2011-11-27,0.459167,4,0.698333,0.208954
332,2011-11-28,0.503478,4,0.743043,0.142122
333,2011-11-29,0.458333,4,0.830833,0.258092
334,2011-11-30,0.325,4,0.613333,0.271158
335,2011-12-01,0.3125,4,0.524583,0.220158
336,2011-12-02,0.314167,4,0.625833,0.100754
337,2011-12-03,0.299167,4,0.612917,0.0957833
338,2011-12-04,0.330833,4,0.775833,0.0839583
339,2011-12-05,0.385833,4,0.827083,0.0622083
340,2011-12-06,0.4625,4,0.949583,0.232583
341,2011-12-07,0.41,4,0.970417,0.266175
342,2011-12-08,0.265833,4,0.58,0.240058
343,2011-12-09,0.290833,4,0.695833,0.0827167
344,2011-12-10,0.275,4,0.5075,0.233221
345,2011-12-11,0.220833,4,0.49,0.0665417
346,2011-12-12,0.238333,4,0.670833,0.06345
347,2011-12-13,0.2825,4,0.59,0.14055
348,2011-12-14,0.3175,4,0.66375,0.0609583
349,2011-12-15,0.4225,4,0.634167,0.268042
350,2011-12-16,0.375,4,0.500417,0.260575
351,2011-12-17,0.258333,4,0.560833,0.243167
352,2011-12-18,0.238333,4,0.58625,0.169779
353,2011-12-19,0.276667,4,0.6375,0.172896
354,2011-12-20,0.385833,4,0.595417,0.0615708
355,2011-12-21,0.428333,1,0.858333,0.2214
356,2011-12-22,0.423333,1,0.7575,0.047275
357,2011-12-23,0.373333,1,0.68625,0.274246
358,2011-12-24,0.3025,1,0.5425,0.190304
359,2011-12-25,0.274783,1,0.681304,0.155091
360,2011-12-26,0.321739,1,0.506957,0.239465
361,2011-12-27,0.325,1,0.7625,0.18845
362,2011-12-28,0.29913,1,0.503913,0.293961
363,2011-12-29,0.248333,1,0.574167,0.119412
364,2011-12-30,0.311667,1,0.636667,0.134337
365,2011-12-31,0.41,1,0.615833,0.220154
366,2012-01-01,0.37,1,0.6925,0.192167
367,2012-01-02,0.273043,1,0.381304,0.329665
368,2012-01-03,0.15,1,0.44125,0.365671
369,2012-01-04,0.1075,1,0.414583,0.1847
370,2012-01-05,0.265833,1,0.524167,0.129987
371,2012-01-06,0.334167,1,0.542083,0.167908
372,2012-01-07,0.393333,1,0.531667,0.174758
373,2012-01-08,0.3375,1,0.465,0.191542
374,2012-01-09,0.224167,1,0.701667,0.0989
375,2012-01-10,0.308696,1,0.646522,0.187552
376,2012-01-11,0.274167,1,0.8475,0.131221
377,2012-01-12,0.3825,1,0.802917,0.180967
378,2012-01-13,0.274167,1,0.5075,0.378108
379,2012-01-14,0.18,1,0.4575,0.187183
380,2012-01-15,0.166667,1,0.419167,0.251258
381,2012-01-16,0.19,1,0.5225,0.231358
382,2012-01-17,0.373043,1,0.716087,0.34913
383,2012-01-18,0.303333,1,0.443333,0.415429
384,2012-01-19,0.19,1,0.4975,0.220158
385,2012-01-20,0.2175,1,0.45,0.20275
386,2012-01-21,0.173333,1,0.83125,0.222642
387,2012-01-22,0.1625,1,0.79625,0.199638
388,2012-01-23,0.218333,1,0.91125,0.110708
389,2012-01-24,0.3425,1,0.835833,0.123767
390,2012-01-25,0.294167,1,0.64375,0.161071
391,2012-01-26,0.341667,1,0.769583,0.0733958
392,2012-01-27,0.425,1,0.74125,0.342667
393,2012-01-28,0.315833,1,0.543333,0.210829
394,2012-01-29,0.2825,1,0.31125,0.24005
395,2012-01-30,0.269167,1,0.400833,0.215792
396,2012-01-31,0.39,1,0.416667,0.261817
397,2012-02-01,0.469167,1,0.507917,0.189067
398,2012-02-02,0.399167,1,0.672917,0.187187
399,2012-02-03,0.313333,1,0.526667,0.178496
400,2012-02-04,0.264167,1,0.779583,0.121896
401,2012-02-05,0.265833,1,0.687917,0.175996
402,2012-02-06,0.282609,1,0.622174,0.1538
403,2012-02-07,0.354167,1,0.49625,0.147379
404,2012-02-08,0.256667,1,0.722917,0.133721
405,2012-02-09,0.265,1,0.562083,0.194037
406,2012-02-10,0.280833,1,0.54,0.116929
407,2012-02-11,0.224167,1,0.73125,0.289796
408,2012-02-12,0.1275,1,0.464583,0.409212
409,2012-02-13,0.2225,1,0.41125,0.167283
410,2012-02-14,0.319167,1,0.50875,0.141179
411,2012-02-15,0.348333,1,0.53125,0.1816
412,2012-02-16,0.316667,1,0.752917,0.091425
413,2012-02-17,0.343333,1,0.634583,0.205846
414,2012-02-18,0.346667,1,0.534583,0.190929
415,2012-02-19,0.28,1,0.515833,0.253112
416,2012-02-20,0.28,1,0.507826,0.229083
417,2012-02-21,0.287826,1,0.594348,0.205717
418,2012-02-22,0.395833,1,0.567917,0.234471
419,2012-02-23,0.454167,1,0.554583,0.190913
420,2012-02-24,0.4075,1,0.7375,0.237567
421,2012-02-25,0.290833,1,0.395833,0.421642
422,2012-02-26,0.279167,1,0.41,0.205229
423,2012-02-27,0.366667,1,0.490833,0.268033
424,2012-02-28,0.359167,1,0.395833,0.193417
425,2012-02-29,0.344348,1,0.804783,0.179117
426,2012-03-01,0.485833,1,0.615417,0.226987
427,2012-03-02,0.353333,1,0.657083,0.144904
428,2012-03-03,0.414167,1,0.62125,0.161079
429,2012-03-04,0.325833,1,0.403333,0.334571
430,2012-03-05,0.243333,1,0.50625,0.228858
431,2012-03-06,0.258333,1,0.456667,0.200875
432,2012-03-07,0.404167,1,0.513333,0.345779
433,2012-03-08,0.5275,1,0.5675,0.441563
434,2012-03-09,0.410833,1,0.407083,0.4148
435,2012-03-10,0.2875,1,0.350417,0.22575
436,2012-03-11,0.361739,1,0.476957,0.222587
437,2012-03-12,0.466667,1,0.489167,0.207713
438,2012-03-13,0.565,1,0.6175,0.23695
439,2012-03-14,0.5725,1,0.507083,0.115062
440,2012-03-15,0.5575,1,0.579583,0.149883
441,2012-03-16,0.435833,1,0.842083,0.113192
442,2012-03-17,0.514167,1,0.755833,0.110704
443,2012-03-18,0.4725,1,0.81,0.126883
444,2012-03-19,0.545,1,0.72875,0.162317
445,2012-03-20,0.560833,1,0.807917,0.121271
446,2012-03-21,0.531667,2,0.82125,0.0895583
447,2012-03-22,0.554167,2,0.83125,0.117562
448,2012-03-23,0.601667,2,0.694167,0.1163
449,2012-03-24,0.5025,2,0.885417,0.192783
450,2012-03-25,0.4375,2,0.880833,0.220775
451,2012-03-26,0.445833,2,0.477917,0.386821
452,2012-03-27,0.323333,2,0.29,0.187192
453,2012-03-28,0.484167,2,0.48125,0.291671
454,2012-03-29,0.494167,2,0.439167,0.31965
455,2012-03-30,0.37,2,0.580833,0.138067
456,2012-03-31,0.424167,2,0.738333,0.250617
457,2012-04-01,0.425833,2,0.67625,0.172267
458,2012-04-02,0.433913,2,0.504348,0.312139
459,2012-04-03,0.466667,2,0.396667,0.100133
460,2012-04-04,0.541667,2,0.469583,0.180975
461,2012-04-05,0.435,2,0.374167,0.219529
462,2012-04-06,0.403333,2,0.377083,0.300388
463,2012-04-07,0.4375,2,0.254167,0.274871
464,2012-04-08,0.5,2,0.275833,0.232596
465,2012-04-09,0.489167,2,0.3175,0.358196
466,2012-04-10,0.446667,2,0.435,0.249375
467,2012-04-11,0.348696,2,0.469565,0.295274
468,2012-04-12,0.3975,2,0.46625,0.290429
469,2012-04-13,0.4425,2,0.408333,0.155471
470,2012-04-14,0.495,2,0.502917,0.190917
471,2012-04-15,0.606667,2,0.507917,0.225129
472,2012-04-16,0.664167,2,0.561667,0.284829
473,2012-04-17,0.608333,2,0.390417,0.273629
474,2012-04-18,0.463333,2,0.569167,0.167912
475,2012-04-19,0.498333,2,0.6125,0.0659292
476,2012-04-20,0.526667,2,0.694583,0.149871
477,2012-04-21,0.57,2,0.682917,0.283587
478,2012-04-22,0.396667,2,0.835417,0.344546
479,2012-04-23,0.321667,2,0.766667,0.303496
480,2012-04-24,0.413333,2,0.454167,0.249383
481,2012-04-25,0.476667,2,0.427917,0.118792
482,2012-04-26,0.498333,2,0.756667,0.176625
483,2012-04-27,0.4575,2,0.400833,0.347633
484,2012-04-28,0.376667,2,0.489583,0.129975
485,2012-04-29,0.458333,2,0.587083,0.116908
486,2012-04-30,0.464167,2,0.57,0.171638
487,2012-05-01,0.613333,2,0.659583,0.156096
488,2012-05-02,0.564167,2,0.797083,0.138058
489,2012-05-03,0.56,2,0.768333,0.133696
490,2012-05-04,0.6275,2,0.735417,0.162938
491,2012-05-05,0.621667,2,0.756667,0.152992
492,2012-05-06,0.5625,2,0.74,0.149879
493,2012-05-07,0.5375,2,0.664167,0.230721
494,2012-05-08,0.581667,2,0.685833,0.296029
495,2012-05-09,0.575,2,0.744167,0.216412
496,2012-05-10,0.505833,2,0.552083,0.314063
497,2012-05-11,0.533333,2,0.360417,0.236937
498,2012-05-12,0.564167,2,0.480417,0.123133
499,2012-05-13,0.6125,2,0.57625,0.225117
500,2012-05-14,0.573333,2,0.789583,0.212692
501,2012-05-15,0.611667,2,0.794583,0.147392
502,2012-05-16,0.636667,2,0.697917,0.122512
503,2012-05-17,0.593333,2,0.52,0.229475
504,2012-05-18,0.564167,2,0.523333,0.136817
505,2012-05-19,0.6,2,0.45625,0.083975
506,2012-05-20,0.620833,2,0.530417,0.254367
507,2012-05-21,0.598333,2,0.81125,0.233204
508,2012-05-22,0.615,2,0.765833,0.118167
509,2012-05-23,0.621667,2,0.774583,0.102
510,2012-05-24,0.655,2,0.716667,0.172896
511,2012-05-25,0.68,2,0.747083,0.14055
512,2012-05-26,0.6925,2,0.7325,0.198992
513,2012-05-27,0.69,2,0.697083,0.215171
514,2012-05-28,0.7125,2,0.67625,0.196521
515,2012-05-29,0.7225,2,0.684583,0.2954
516,2012-05-30,0.656667,2,0.67,0.134329
517,2012-05-31,0.68,2,0.492917,0.195279
518,2012-06-01,0.654167,2,0.755417,0.237563
519,2012-06-02,0.583333,2,0.549167,0.186562
520,2012-06-03,0.6025,2,0.493333,0.184087
521,2012-06-04,0.5975,2,0.487083,0.284833
522,2012-06-05,0.540833,2,0.613333,0.209575
523,2012-06-06,0.554167,2,0.61125,0.077125
524,2012-06-07,0.6025,2,0.567083,0.15735
525,2012-06-08,0.649167,2,0.467917,0.175383
526,2012-06-09,0.710833,2,0.437083,0.144287
527,2012-06-10,0.726667,2,0.538333,0.133721
528,2012-06-11,0.720833,2,0.587917,0.207713
529,2012-06-12,0.653333,2,0.833333,0.214546
530,2012-06-13,0.655833,2,0.582083,0.343279
531,2012-06-14,0.648333,2,0.569583,0.253733
532,2012-06-15,0.639167,2,0.589583,0.176617
533,2012-06-16,0.631667,2,0.504167,0.166667
534,2012-06-17,0.5925,2,0.59875,0.144904
535,2012-06-18,0.568333,2,0.777917,0.174746
536,2012-06-19,0.688333,2,0.69,0.148017
537,2012-06-20,0.7825,2,0.592083,0.113812
538,2012-06-21,0.805833,3,0.567917,0.118787
539,2012-06-22,0.7775,3,0.57375,0.182842
540,2012-06-23,0.731667,3,0.534583,0.179721
541,2012-06-24,0.743333,3,0.479167,0.145525
542,2012-06-25,0.715833,3,0.504167,0.300383
543,2012-06-26,0.630833,3,0.373333,0.347642
544,2012-06-27,0.6975,3,0.36,0.271775
545,2012-06-28,0.749167,3,0.4225,0.17165
546,2012-06-29,0.834167,3,0.48875,0.165417
547,2012-06-30,0.765,3,0.60125,0.161071
548,2012-07-01,0.815833,3,0.51875,0.168529
549,2012-07-02,0.781667,3,0.447083,0.195267
550,2012-07-03,0.780833,3,0.492083,0.126237
551,2012-07-04,0.789167,3,0.53875,0.13495
552,2012-07-05,0.8275,3,0.457917,0.194029
553,2012-07-06,0.828333,3,0.450833,0.146142
554,2012-07-07,0.861667,3,0.492083,0.163554
555,2012-07-08,0.8225,3,0.57375,0.125629
556,2012-07-09,0.710833,3,0.683333,0.180975
557,2012-07-10,0.720833,3,0.6675,0.151737
558,2012-07-11,0.716667,3,0.633333,0.151733
559,2012-07-12,0.715833,3,0.529583,0.146775
560,2012-07-13,0.731667,3,0.485833,0.08085
561,2012-07-14,0.703333,3,0.699167,0.143679
562,2012-07-15,0.745833,3,0.717917,0.166667
563,2012-07-16,0.763333,3,0.645,0.164187
564,2012-07-17,0.818333,3,0.505833,0.114429
565,2012-07-18,0.793333,3,0.577083,0.137442
566,2012-07-19,0.77,3,0.600417,0.165429
567,2012-07-20,0.665833,3,0.844167,0.208967
568,2012-07-21,0.595833,3,0.865417,0.2133
569,2012-07-22,0.6675,3,0.7625,0.0939208
570,2012-07-23,0.741667,3,0.694167,0.138683
571,2012-07-24,0.750833,3,0.655,0.211454
572,2012-07-25,0.724167,3,0.45,0.1648
573,2012-07-26,0.776667,3,0.596667,0.284813
574,2012-07-27,0.781667,3,0.594583,0.152992
575,2012-07-28,0.755833,3,0.613333,0.15735
576,2012-07-29,0.721667,3,0.62375,0.170396
577,2012-07-30,0.730833,3,0.66875,0.153617
578,2012-07-31,0.713333,3,0.704167,0.165425
579,2012-08-01,0.7175,3,0.6775,0.141179
580,2012-08-02,0.7525,3,0.659583,0.129354
581,2012-08-03,0.765833,3,0.6425,0.215792
582,2012-08-04,0.793333,3,0.613333,0.257458
583,2012-08-05,0.769167,3,0.6525,0.290421
584,2012-08-06,0.7525,3,0.654167,0.129354
585,2012-08-07,0.735833,3,0.70375,0.116908
586,2012-08-08,0.75,3,0.672917,0.1107
587,2012-08-09,0.755833,3,0.620417,0.1561
588,2012-08-10,0.715833,3,0.715833,0.238813
589,2012-08-11,0.6925,3,0.732917,0.206479
590,2012-08-12,0.700833,3,0.530417,0.122512
591,2012-08-13,0.720833,3,0.545417,0.136212
592,2012-08-14,0.726667,3,0.686667,0.169158
593,2012-08-15,0.706667,3,0.619583,0.169771
594,2012-08-16,0.719167,3,0.519167,0.141796
595,2012-08-17,0.723333,3,0.570833,0.231354
596,2012-08-18,0.678333,3,0.603333,0.177867
597,2012-08-19,0.635833,3,0.711667,0.08645
598,2012-08-20,0.635833,3,0.734167,0.129979
599,2012-08-21,0.649167,3,0.67375,0.0727708
600,2012-08-22,0.6675,3,0.677083,0.0702833
601,2012-08-23,0.695833,3,0.635833,0.0845958
602,2012-08-24,0.7025,3,0.615,0.0721458
603,2012-08-25,0.661667,3,0.712917,0.244408
604,2012-08-26,0.653333,3,0.845833,0.228858
605,2012-08-27,0.703333,3,0.730417,0.128733
606,2012-08-28,0.728333,3,0.62,0.190925
607,2012-08-29,0.685,3,0.552083,0.112562
608,2012-08-30,0.706667,3,0.590417,0.0771167
609,2012-08-31,0.764167,3,0.5875,0.168533
610,2012-09-01,0.753333,3,0.638333,0.113187
611,2012-09-02,0.696667,3,0.815,0.0640708
612,2012-09-03,0.7075,3,0.790833,0.151121
613,2012-09-04,0.725833,3,0.755,0.236321
614,2012-09-05,0.736667,3,0.74125,0.187808
615,2012-09-06,0.696667,3,0.810417,0.142421
616,2012-09-07,0.703333,3,0.73625,0.171646
617,2012-09-08,0.659167,3,0.799167,0.281104
618,2012-09-09,0.61,3,0.5475,0.224496
619,2012-09-10,0.583333,3,0.50375,0.258713
620,2012-09-11,0.5775,3,0.52,0.0920542
621,2012-09-12,0.599167,3,0.577083,0.131846
622,2012-09-13,0.6125,3,0.637083,0.0827208
623,2012-09-14,0.633333,3,0.6725,0.103863
624,2012-09-15,0.608333,3,0.501667,0.247521
625,2012-09-16,0.58,3,0.57,0.0901833
626,2012-09-17,0.580833,3,0.734583,0.151742
627,2012-09-18,0.623333,3,0.8725,0.357587
628,2012-09-19,0.5525,3,0.536667,0.215175
629,2012-09-20,0.546667,3,0.618333,0.118167
630,2012-09-21,0.599167,3,0.66875,0.154229
631,2012-09-22,0.65,3,0.646667,0.283583
632,2012-09-23,0.529167,4,0.467083,0.223258
633,2012-09-24,0.514167,4,0.492917,0.142404
634,2012-09-25,0.55,4,0.57,0.236321
635,2012-09-26,0.635,4,0.630833,0.2444
636,2012-09-27,0.65,4,0.690833,0.134342
637,2012-09-28,0.619167,4,0.69,0.164179
638,2012-09-29,0.5425,4,0.542917,0.227604
639,2012-09-30,0.526667,4,0.583333,0.134958
640,2012-10-01,0.520833,4,0.649167,0.0908042
641,2012-10-02,0.590833,4,0.871667,0.104475
642,2012-10-03,0.6575,4,0.79375,0.0665458
643,2012-10-04,0.6575,4,0.722917,0.117546
644,2012-10-05,0.615,4,0.6275,0.10635
645,2012-10-06,0.554167,4,0.664167,0.268025
646,2012-10-07,0.415833,4,0.708333,0.141162
647,2012-10-08,0.383333,4,0.709583,0.189679
648,2012-10-09,0.446667,4,0.761667,0.1903
649,2012-10-10,0.514167,4,0.630833,0.187821
650,2012-10-11,0.435,4,0.463333,0.181596
651,2012-10-12,0.4375,4,0.539167,0.235092
652,2012-10-13,0.393333,4,0.494583,0.146142
653,2012-10-14,0.521667,4,0.640417,0.278612
654,2012-10-15,0.561667,4,0.7075,0.296037
655,2012-10-16,0.468333,4,0.558333,0.182221
656,2012-10-17,0.455833,4,0.692917,0.101371
657,2012-10-18,0.5225,4,0.728333,0.236937
658,2012-10-19,0.563333,4,0.815,0.134954
659,2012-10-20,0.484167,4,0.572917,0.117537
660,2012-10-21,0.464167,4,0.51,0.166054
661,2012-10-22,0.4875,4,0.568333,0.0814833
662,2012-10-23,0.544167,4,0.641667,0.0945458
663,2012-10-24,0.5875,4,0.63625,0.0727792
664,2012-10-25,0.55,4,0.800417,0.124375
665,2012-10-26,0.545833,4,0.807083,0.132467
666,2012-10-27,0.53,4,0.72,0.235692
667,2012-10-28,0.4775,4,0.694583,0.398008
668,2012-10-29,0.44,4,0.88,0.3582
669,2012-10-30,0.318182,4,0.825455,0.213009
670,2012-10-31,0.3575,4,0.666667,0.166667
671,2012-11-01,0.365833,4,0.581667,0.157346
672,2012-11-02,0.355,4,0.522083,0.266175
673,2012-11-03,0.343333,4,0.49125,0.270529
674,2012-11-04,0.325833,4,0.532917,0.179108
675,2012-11-05,0.319167,4,0.494167,0.236325
676,2012-11-06,0.280833,4,0.567083,0.173513
677,2012-11-07,0.295833,4,0.5475,0.304108
678,2012-11-08,0.352174,4,0.333478,0.347835
679,2012-11-09,0.361667,4,0.540833,0.214558
680,2012-11-10,0.389167,4,0.645417,0.0578458
681,2012-11-11,0.420833,4,0.659167,0.1275
682,2012-11-12,0.485,4,0.741667,0.173517
683,2012-11-13,0.343333,4,0.662917,0.342046
684,2012-11-14,0.289167,4,0.552083,0.199625
685,2012-11-15,0.321667,4,0.620417,0.152987
686,2012-11-16,0.345,4,0.524583,0.171025
687,2012-11-17,0.325,4,0.545417,0.179729
688,2012-11-18,0.3425,4,0.692917,0.227612
689,2012-11-19,0.380833,4,0.623333,0.235067
690,2012-11-20,0.374167,4,0.685,0.082725
691,2012-11-21,0.353333,4,0.61375,0.103246
692,2012-11-22,0.34,4,0.580417,0.0528708
693,2012-11-23,0.368333,4,0.56875,0.148021
694,2012-11-24,0.278333,4,0.404583,0.376871
695,2012-11-25,0.245833,4,0.468333,0.1505
696,2012-11-26,0.313333,4,0.535417,0.04665
697,2012-11-27,0.291667,4,0.786667,0.237562
698,2012-11-28,0.296667,4,0.50625,0.210821
699,2012-11-29,0.28087,4,0.555652,0.115522
700,2012-11-30,0.298333,4,0.649583,0.0584708
701,2012-12-01,0.298333,4,0.806667,0.0597042
702,2012-12-02,0.3475,4,0.823333,0.124379
703,2012-12-03,0.4525,4,0.7675,0.0827208
704,2012-12-04,0.475833,4,0.73375,0.174129
705,2012-12-05,0.438333,4,0.485,0.324021
706,2012-12-06,0.255833,4,0.50875,0.174754
707,2012-12-07,0.320833,4,0.764167,0.1306
708,2012-12-08,0.381667,4,0.91125,0.101379
709,2012-12-09,0.384167,4,0.905417,0.157975
710,2012-12-10,0.435833,4,0.925,0.190308
711,2012-12-11,0.353333,4,0.596667,0.296037
712,2012-12-12,0.2975,4,0.538333,0.162937
713,2012-12-13,0.295833,4,0.485833,0.174129
714,2012-12-14,0.281667,4,0.642917,0.131229
715,2012-12-15,0.324167,4,0.650417,0.10635
716,2012-12-16,0.3625,4,0.83875,0.100742
717,2012-12-17,0.393333,4,0.907083,0.0982583
718,2012-12-18,0.410833,4,0.66625,0.221404
719,2012-12-19,0.3325,4,0.625417,0.184092
720,2012-12-20,0.33,4,0.667917,0.132463
721,2012-12-21,0.326667,1,0.556667,0.374383
722,2012-12-22,0.265833,1,0.44125,0.407346
723,2012-12-23,0.245833,1,0.515417,0.133083
724,2012-12-24,0.231304,1,0.791304,0.0772304
725,2012-12-25,0.291304,1,0.734783,0.168726
726,2012-12-26,0.243333,1,0.823333,0.316546
727,2012-12-27,0.254167,1,0.652917,0.350133
728,2012-12-28,0.253333,1,0.59,0.155471
729,2012-12-29,0.253333,1,0.752917,0.124383
730,2012-12-30,0.255833,1,0.483333,0.350754
731,2012-12-31,0.215833,1,0.5775,0.154846
