instant,dteday,season,yr,mnth,holiday,weekday,workingday,weathersit,temp,atemp,hum,windspeed,casual,registered,cnt
326,2011-11-22,4,0,11,0,2,1,3,0.416667,0.421696,0.9625,0.118792,69,1538,1607
411,2012-02-15,1,1,2,0,3,1,1,0.348333,0.351629,0.53125,0.1816,141,4028,4169
93,2011-04-03,2,0,4,0,0,0,1,0.378333,0.378767,0.48,0.182213,1651,1598,3249
48,2011-02-17,1,0,2,0,4,1,1,0.435833,0.428658,0.505,0.230104,259,2216,2475
509,2012-05-23,2,1,5,0,3,1,2,0.621667,0.584612,0.774583,0.102,766,4494,5260
443,2012-03-18,1,1,3,0,0,0,2,0.4725,0.464,0.81,0.126883,2207,3685,5892
413,2012-02-17,1,1,2,0,5,1,1,0.343333,0.351629,0.634583,0.205846,349,3805,4154
418,2012-02-22,1,1,2,0,3,1,1,0.395833,0.392667,0.567917,0.234471,394,4379,4773
222,2011-08-10,3,0,8,0,3,1,1,0.766667,0.684983,0.424167,0.200258,884,3896,4780
592,2012-08-14,3,1,8,0,2,1,1,0.726667,0.676779,0.686667,0.169158,1128,5656,6784
244,2011-09-01,3,0,9,0,4,1,1,0.655,0.614921,0.639167,0.141796,783,4332,5115
534,2012-06-17,2,1,6,0,0,0,1,0.5925,0.571975,0.59875,0.144904,2634,4344,6978
662,2012-10-23,4,1,10,0,2,1,1,0.544167,0.530304,0.641667,0.0945458,841,6625,7466
311,2011-11-07,4,0,11,0,1,1,1,0.395,0.400871,0.75875,0.057225,373,3662,4035
318,2011-11-14,4,0,11,0,1,1,1,0.53,0.524612,0.587083,0.306596,595,3891,4486
170,2011-06-19,2,0,6,0,0,0,2,0.699167,0.645846,0.666667,0.102,1639,3105,4744
186,2011-07-05,3,0,7,0,2,1,1,0.746667,0.696338,0.590417,0.126258,1031,3634,4665
44,2011-02-13,1,0,2,0,0,0,1,0.316522,0.324113,0.457391,0.260883,397,1192,1589
331,2011-11-27,4,0,11,0,0,0,1,0.459167,0.4558,0.698333,0.208954,810,2261,3071
269,2011-09-26,4,0,9,0,1,1,2,0.649167,0.589042,0.848333,0.1107,684,3946,4630
616,2012-09-07,3,1,9,0,5,1,1,0.703333,0.657204,0.73625,0.171646,1045,6459,7504
479,2012-04-23,2,1,4,0,1,1,2,0.321667,0.301125,0.766667,0.303496,195,3019,3214
337,2011-12-03,4,0,12,0,6,0,1,0.299167,0.310604,0.612917,0.0957833,706,2908,3614
314,2011-11-10,4,0,11,0,4,1,2,0.38,0.373721,0.813333,0.189067,190,2743,2933
402,2012-02-06,1,1,2,0,1,1,1,0.282609,0.296426,0.622174,0.1538,206,3578,3784
655,2012-10-16,4,1,10,0,2,1,1,0.468333,0.460846,0.558333,0.182221,922,6612,7534
713,2012-12-13,4,1,12,0,4,1,1,0.295833,0.294188,0.485833,0.174129,425,5107,5532
72,2011-03-13,1,0,3,0,0,0,1,0.384348,0.380091,0.527391,0.270604,982,1435,2417
36,2011-02-05,1,0,2,0,6,0,2,0.233333,0.243058,0.929167,0.161079,100,905,1005
432,2012-03-07,1,1,3,0,3,1,1,0.404167,0.3851,0.513333,0.345779,432,4484,4916
237,2011-08-25,3,0,8,0,4,1,2,0.684167,0.645854,0.771667,0.210833,435,3107,3542
653,2012-10-14,4,1,10,0,0,0,1,0.521667,0.508204,0.640417,0.278612,2080,4559,6639
458,2012-04-02,2,1,4,0,1,1,1,0.433913,0.427513,0.504348,0.312139,1208,4728,5936
58,2011-02-27,1,0,2,0,0,0,1,0.343478,0.351109,0.68,0.125248,694,1708,2402
335,2011-12-01,4,0,12,0,4,1,1,0.3125,0.305554,0.524583,0.220158,182,3545,3727
494,2012-05-08,2,1,5,0,2,1,2,0.581667,0.557471,0.685833,0.296029,738,4990,5728
233,2011-08-21,3,0,8,0,0,0,1,0.710833,0.675525,0.77,0.248754,1249,2624,3873
415,2012-02-19,1,1,2,0,0,0,2,0.28,0.265788,0.515833,0.253112,618,2071,2689
96,2011-04-06,2,0,4,0,3,1,1,0.390833,0.387608,0.470833,0.263063,413,2395,2808
476,2012-04-20,2,1,4,0,5,1,1,0.526667,0.515775,0.694583,0.149871,1340,5950,7290
660,2012-10-21,4,1,10,0,0,0,1,0.464167,0.456429,0.51,0.166054,2132,4692,6824
452,2012-03-27,2,1,3,0,2,1,1,0.323333,0.315654,0.29,0.187192,531,4571,5102
145,2011-05-25,2,0,5,0,3,1,1,0.660833,0.615542,0.69625,0.154233,740,4238,4978
542,2012-06-25,3,1,6,0,1,1,1,0.715833,0.654042,0.504167,0.300383,1139,5640,6779
259,2011-09-16,3,0,9,0,5,1,2,0.469167,0.461475,0.590417,0.164183,742,4018,4760
9,2011-01-09,1,0,1,0,0,0,1,0.138333,0.116175,0.434167,0.36195,54,768,822
216,2011-08-04,3,0,8,0,4,1,2,0.71,0.664788,0.7575,0.19715,799,3777,4576
63,2011-03-04,1,0,3,0,5,1,2,0.261667,0.255679,0.610417,0.203346,214,1730,1944
493,2012-05-07,2,1,5,0,1,1,2,0.5375,0.527142,0.664167,0.230721,1008,5265,6273
129,2011-05-09,2,0,5,0,1,1,1,0.5325,0.525246,0.58875,0.176,664,3698,4362
12,2011-01-12,1,0,1,0,3,1,1,0.172727,0.160473,0.599545,0.304627,25,1137,1162
362,2011-12-28,1,0,12,0,3,1,1,0.29913,0.279974,0.503913,0.293961,255,2047,2302
138,2011-05-18,2,0,5,0,3,1,2,0.55,0.527158,0.87,0.201492,536,3319,3855
430,2012-03-05,1,1,3,0,1,1,1,0.243333,0.241171,0.50625,0.228858,203,3130,3333
654,2012-10-15,4,1,10,0,1,1,2,0.561667,0.53915,0.7075,0.296037,760,5115,5875
355,2011-12-21,1,0,12,0,3,1,2,0.428333,0.428017,0.858333,0.2214,107,2553,2660
190,2011-07-09,3,0,7,0,6,0,1,0.733333,0.664158,0.609167,0.167912,1988,3348,5336
667,2012-10-28,4,1,10,0,0,0,2,0.4775,0.467771,0.694583,0.398008,998,3461,4459
693,2012-11-23,4,1,11,0,5,1,1,0.368333,0.378779,0.56875,0.148021,1603,2307,3910
